Amplitude,RR,Arritmia
0.622403714060804,0.844444444512021,(VFL
