Amplitude,RR,Arritmia
0.966926895082573,0.70833333339,(AFIB
