Amplitude,RR,Arritmia
1.02888108044902,0.533333333376,(AFIB
0.621494318843121,0.641666666717924,(AFIB
