Amplitude,RR,Arritmia
2.00152815610213,1.538888889012,(B
2.39660145282797,1.74722222236198,(B
2.32973616510676,1.48611111123,(B
1.94170796632822,1.74722222236198,(B
1.8729439857606,1.41944444455805,(B
2.15944639831821,1.8611111112599,(B
1.9406729379299,1.43333333344799,(B
2.21311840534238,1.41111111122405,(B
