Amplitude,RR,Arritmia
0.515583035349838,0.561111111155924,(B
