Amplitude,RR,Arritmia
1.69742354512297,1.38055555566609,(B
1.50109927505348,1.53055555567801,(B
1.4814859291916,1.41388888900201,(B
1.64927204251384,1.44444444455996,(B
1.49128268569785,2.11666666683595,(B
1.35808779805972,1.36666666677593,(B
