Amplitude,RR,Arritmia
0.865192606449718,1.094444444532,(VT
0.85066815227293,1.05555555564001,(VT
1.54799075812124,0.605555555604042,(VT
1.00391340464361,0.619444444493865,(VT
0.786591992080545,0.630555555605952,(VT
