Amplitude,RR,Arritmia
0.58696043401981,1.177777777872,(B
