Amplitude,RR,Arritmia
1.74787496656204,1.54166666678998,(B
