Amplitude,RR,Arritmia
1.44195999085974,1.01666666674799,(AFIB
1.5912029597171,0.877777777847996,(AFIB
1.39568049252104,0.800000000064074,(AFIB
1.28713898301209,0.78055555561798,(AFIB
1.49855453819105,0.922222222296,(AFIB
1.07117050588194,1.002777777858,(AFIB
1.48286886930542,0.900000000072055,(AFIB
