Amplitude,RR,Arritmia
1.78790429860506,1.15833333342601,(SVTA
1.60010201424504,1.02777777785997,(SVTA
1.57459822625064,0.941666666742037,(SVTA
1.74392343104003,0.922222222296,(SVTA
1.52353490799803,0.950000000075988,(SVTA
1.45009179383643,0.938888888964016,(SVTA
1.47505431145554,0.883333333403925,(SVTA
