Amplitude,RR,Arritmia
1.0509715154775,0.794444444508031,(SVTA
1.25081329196794,0.769444444506007,(SVTA
1.25037584304914,0.805555555620003,(SVTA
1.3497504833351,0.869444444513988,(SVTA
0.883358189762464,0.891666666737933,(SVTA
1.45300284117559,0.822222222287905,(SVTA
1.19486456334683,0.900000000072168,(SVTA
1.47444620668983,0.850000000067894,(SVTA
1.47709799915659,0.938888888964129,(SVTA
