Amplitude,RR,Arritmia
1.02536814868514,0.952777777854067,(SVTA
0.800093741715552,0.788888888951988,(SVTA
0.843544783891082,0.744444444504097,(SVTA
