Amplitude,RR,Arritmia
1.59406978339013,1.10277777786598,(VT
