Amplitude,RR,Arritmia
0.917989547848838,0.419444444478131,(AFIB
