Amplitude,RR,Arritmia
1.70338400721648,0.972222222300005,(AFIB
1.71347899496651,0.791666666730009,(AFIB
1.64481830775822,0.830555555622027,(AFIB
1.86905438393467,0.797222222285995,(AFIB
0.861580803693074,0.813888888954011,(AFIB
1.36688520133562,0.691666666722085,(AFIB
2.07643319338624,0.16666666667993,(AFIB
2.15856744051091,1.27500000010195,(AFIB
