Amplitude,RR,Arritmia
0.613661239147561,0.816666666732,(P
2.45520144611596,1.17777777787201,(P
