Amplitude,RR,Arritmia
1.67028871208492,2.28888888907204,(T
