Amplitude,RR,Arritmia
1.50674215644678,2.100000000168,(T
1.17400613486842,1.880555555706,(T
1.54684388429001,2.09722222238997,(T
1.54157111883245,1.36388888899796,(T
1.22011500924901,1.94722222237806,(T
1.32411579072554,1.925000000154,(T
1.52527260094958,1.21666666676401,(T
