Amplitude,RR,Arritmia
1.48906279981206,1.75000000014001,(T
1.37693318069062,2.07777777794399,(T
