Amplitude,RR,Arritmia
0.554903213680228,1.33611111121797,(AFL
