Amplitude,RR,Arritmia
0.980357567966635,1.00833333341404,(NOD
0.639531994760392,1.27777777787992,(NOD
0.613727478981425,1.40000000011196,(NOD
0.9255184787518,0.855555555624051,(NOD
0.912359896600806,0.855555555623823,(NOD
0.697078473568327,1.04444444452793,(NOD
0.675626998842331,0.638888888940073,(NOD
0.947771484554411,1.36944444455389,(NOD
0.721546569467111,0.883333333403925,(NOD
0.677938401103622,0.52777777782012,(NOD
